<annotation>
	<folder>A</folder>
	<filename>a 1.jpg</filename>
	<path>E:\DETEKSI SIBI\Tensorflow Object Detection\TFODCourse\Tensorflow\workspace\TRAIN\A\a 1.jpg</path>
	<source>
		<database>Unknown</database>
	</source>
	<size>
		<width>600</width>
		<height>600</height>
		<depth>3</depth>
	</size>
	<segmented>0</segmented>
	<object>
		<name>A</name>
		<pose>Unspecified</pose>
		<truncated>0</truncated>
		<difficult>0</difficult>
		<bndbox>
			<xmin>169</xmin>
			<ymin>144</ymin>
			<xmax>494</xmax>
			<ymax>442</ymax>
		</bndbox>
	</object>
</annotation>
