<annotation>
	<folder>M</folder>
	<filename>M3.jpg</filename>
	<path>E:\DETEKSI SIBI\Tensorflow Object Detection\TFODCourse\Tensorflow\workspace\TRAIN\M\M3.jpg</path>
	<source>
		<database>Unknown</database>
	</source>
	<size>
		<width>600</width>
		<height>600</height>
		<depth>3</depth>
	</size>
	<segmented>0</segmented>
	<object>
		<name>M</name>
		<pose>Unspecified</pose>
		<truncated>0</truncated>
		<difficult>0</difficult>
		<bndbox>
			<xmin>190</xmin>
			<ymin>218</ymin>
			<xmax>426</xmax>
			<ymax>530</ymax>
		</bndbox>
	</object>
</annotation>
