<annotation>
	<folder>O</folder>
	<filename>o3.jpg</filename>
	<path>E:\DETEKSI SIDO\Tensorflow Object Detection\TFODCourse\Tensorflow\workspace\images\TRAIN\O\o3.jpg</path>
	<source>
		<database>Unknown</database>
	</source>
	<size>
		<width>600</width>
		<height>600</height>
		<depth>3</depth>
	</size>
	<segmented>0</segmented>
	<object>
		<name>O</name>
		<pose>Unspecified</pose>
		<truncated>0</truncated>
		<difficult>0</difficult>
		<bndbox>
			<xmin>128</xmin>
			<ymin>243</ymin>
			<xmax>488</xmax>
			<ymax>489</ymax>
		</bndbox>
	</object>
</annotation>
